states,flag,Avg0,SD0,frust0,time
'0010',1,0.12508,0.0004196029869610857,0.2857142857142857,3.708274935775483
'0110',1,0.28274000000000005,0.0003650570731634547,0.0,4.907241832964236
'1001',1,0.27940333333333334,0.0004828618389928468,0.0,4.908799853843621
'1101',1,0.1254333333333333,0.0005282255410543995,0.2857142857142857,3.717550304111494
'1100',1,0.09355333333333334,0.00040052743004970957,0.42857142857142855,2.435304632777616
'0011',1,0.09379,0.000722218803410712,0.42857142857142855,2.4343643575237497
