states,flag,Avg0,SD0,frust0,time
'0110',1,0.2793666666666667,0.0008993825042154841,0.0,4.892244594946362
'1001',1,0.27840000000000004,0.001944222209522358,0.0,4.858709877006791
'0010',1,0.12596666666666667,0.0012283683848458916,0.2857142857142857,3.7421810321288937
'0011',1,0.09413333333333333,0.0014429907214608894,0.42857142857142855,2.397844176415337
'1100',1,0.0946,0.001961292091114085,0.42857142857142855,2.417825503882263
'1101',1,0.12753333333333336,0.0030565049030260418,0.2857142857142857,3.6698585627265445
