states,flag,Avg0,SD0,frust0,time
'0110',1,0.5010033333333334,0.000785550054986256,0.0,7.953540421113899
'1101',1,0.4989966666666667,0.0007855500549862342,0.0,7.948086307624941
