states,flag,Avg0,SD0,frust0,time
'0110',1,0.5016633333333332,0.002756692865655451,0.0,7.737849642606569
'1101',1,0.49833666666666665,0.002756692865655427,0.0,7.7422811089149866
