states,flag,Avg0,SD0,frust0,time
'0110',1,0.5000533333333333,0.0002948822740612982,0.0,7.087897808408912
'1101',1,0.4999466666666666,0.0002948822740612804,0.0,7.0809031390975745
