states,flag,Avg0,SD0,frust0,time
'1101',1,0.50137,0.0005452216674589256,0.0,7.774913122559373
'0110',1,0.49862999999999996,0.0005452216674589019,0.0,7.772421991405634
