states,flag,Avg0,SD0,frust0,time
'1101',1,0.5005133333333333,0.0009597684906035972,0.0,7.749034182250316
'0110',1,0.49948666666666663,0.0009597684906036486,0.0,7.769490409496104
