states,flag,Avg0,SD0,frust0,time
'1101',1,0.5012,0.0012274363527287415,0.0,7.48272504269566
'0110',1,0.49879999999999997,0.0012274363527287173,0.0,7.50494750224946
