states,flag,Avg0,SD0,frust0,time
'0110',1,0.5005533333333333,0.0017729510866223688,0.0,6.995167155315515
'1101',1,0.49944666666666665,0.001772951086622421,0.0,6.999505218158518
