states,flag,Avg0,SD0,frust0,time
'1101',1,0.5009233333333333,0.0006928363603494038,0.0,7.079998910695086
'0110',1,0.49907666666666667,0.0006928363603494296,0.0,7.064019893053409
