states,flag,Avg0,SD0,frust0,time
'0110',1,0.4999366666666667,0.0009746908341737004,0.0,7.428264565581543
'1101',1,0.5000633333333333,0.0009746908341737097,0.0,7.465493083261198
