states,flag,Avg0,SD0,frust0,time
'0110',1,0.5001666666666666,0.0009388408929218127,0.0,7.2197643750142895
'1101',1,0.4998333333333333,0.0009388408929217885,0.0,7.221299086526652
