states,flag,Avg0,SD0,frust0,time
'0110',1,0.5014033333333333,0.0014812682253918714,0.0,7.76870453512739
'1101',1,0.49859666666666663,0.0014812682253918603,0.0,7.770808447188411
