states,flag,Avg0,SD0,frust0,time
'0110',1,0.5008866666666667,0.00033668316791241623,0.0,7.502777139313285
'1101',1,0.49911333333333335,0.0003366831679124492,0.0,7.5151145067351175
