states,flag,Avg0,SD0,frust0,time
'0110',1,0.5006166666666667,0.0007084882183604436,0.0,7.460971539259361
'1101',1,0.49938333333333335,0.0007084882183604643,0.0,7.470712510729856
