states,flag,Avg0,SD0,frust0,time
'0110',1,0.50009,0.0006328243568848259,0.0,7.443248310638782
'1101',1,0.49991,0.0006328243568848028,0.0,7.452838983499862
