states,flag,Avg0,SD0,frust0,time
'0110',1,0.49995999999999996,0.0009489994731294793,0.0,7.472365392672632
'1101',1,0.5000399999999999,0.0009489994731294793,0.0,7.455372031718234
