states,flag,Avg0,SD0,frust0,time
'1101',1,0.49925,0.0011152578177264826,0.0,7.494897191074739
'0110',1,0.5007499999999999,0.0011152578177264622,0.0,7.498971538054131
