states,flag,Avg0,SD0,frust0,time
'1101',1,0.5009966666666666,0.0014655450256550247,0.0,8.238375649727528
'0110',1,0.4990033333333333,0.0014655450256550481,0.0,8.229666332160834
