states,flag,Avg0,SD0,frust0,time
'1101',1,0.4983066666666667,0.0008652681023179283,0.0,7.479737887230297
'0110',1,0.5016933333333333,0.0008652681023179555,0.0,7.491180863170558
