states,flag,Avg0,SD0,frust0,time
'0110',1,0.49979,0.0010139362241613713,0.0,7.757817917103142
'1101',1,0.50021,0.001013936224161422,0.0,7.764455938085636
