states,flag,Avg0,SD0,frust0,time
'1101',1,0.5003,0.001642213952768231,0.0,7.461959033252885
'0110',1,0.4997,0.0016422139527682144,0.0,7.476047486723458
