states,flag,Avg0,SD0,frust0,time
'0110',1,0.50065,0.001521139923434608,0.0,7.0012207724895035
'1101',1,0.49934999999999996,0.0015211399234346128,0.0,6.9968933673935565
