states,flag,Avg0,SD0,frust0,time
'1101',1,0.49991,0.0014298484768207687,0.0,7.225698082005212
'0110',1,0.50009,0.0014298484768207548,0.0,7.212461348193028
