states,flag,Avg0,SD0,frust0,time
'1101',1,0.5005100000000001,0.0002677063067367873,0.0,6.998886373600574
'0110',1,0.49949,0.00026770630673681156,0.0,6.999885392713342
