states,flag,Avg0,SD0,frust0,time
'0110',1,0.4998233333333333,0.003149331498729336,0.0,6.994548823912058
'1101',1,0.5001766666666667,0.0031493314987293872,0.0,7.014478611264532
