states,flag,Avg0,SD0,frust0,time
'1101',1,0.5005066666666667,0.0010429552030435162,0.0,6.9924619715780265
'0110',1,0.49949333333333334,0.0010429552030435097,0.0,6.994074527086273
