states,flag,Avg0,SD0,frust0,time
'0110',1,0.49892000000000003,0.0009231467922275313,0.0,7.4580861211142775
'1101',1,0.50108,0.0009231467922275313,0.0,7.481764715060549
