states,flag,Avg0,SD0,frust0,time
'1101',1,0.5006566666666666,0.001729148795088387,0.0,7.73592563394508
'0110',1,0.4993433333333333,0.0017291487950883654,0.0,7.757632218506305
