states,flag,Avg0,SD0,frust0,time
'1101',1,0.49987000000000004,0.001725185980312456,0.0,7.767295640415248
'0110',1,0.50013,0.001725185980312456,0.0,7.7613559890336035
