states,flag,Avg0,SD0,frust0,time
'0110',1,0.49845,0.0009688137075826165,0.0,7.960449131709203
'1101',1,0.50155,0.0009688137075826428,0.0,7.961145065562051
