states,flag,Avg0,SD0,frust0,time
'1101',1,0.49974333333333326,0.0013632396055801106,0.0,7.086695591285199
'0110',1,0.5002566666666667,0.0013632396055801316,0.0,7.086580163130747
