states,flag,Avg0,SD0,frust0,time
0_1_1_0,1,0.2808333333333333,0.005713920623257637,0.0,10.503339486746524
1_0_0_1,1,0.2789,0.004280186911806533,0.0,10.555159059627956
0_0_1_0,1,0.1254333333333333,0.003579882058889029,0.2857142857142857,10.259895536934996
1_1_0_1,1,0.125,0.0011343133018115665,0.2857142857142857,10.3198442769214
0_0_1_1,1,0.09516666666666666,0.0013960261060914586,0.42857142857142855,10.0
1_1_0_0,1,0.09466666666666668,0.0008219218670625305,0.42857142857142855,10.005274261603375
