states,flag,Avg0,SD0,frust0,time
1_0_0_1,1,0.28209999999999996,0.0024179881444429583,0.0,10.494937542836025
0_1_1_0,1,0.28099999999999997,0.003101612483854157,0.0,10.551575555304899
1_1_0_1,1,0.12380000000000001,0.0023622023622035487,0.2857142857142857,10.269357757204835
0_0_1_0,1,0.1236,0.0031443070248731537,0.2857142857142857,10.262774457300937
0_0_1_1,1,0.09630000000000001,0.0012027745701779142,0.42857142857142855,10.0
1_1_0_0,1,0.09319999999999999,0.0029877527787062082,0.42857142857142855,10.00559284116331
