states,flag,Avg0,SD0,frust0,time
0_0_0_0,1,0.2614,0.002122891110412103,0.0,10.44225116792209
1_1_1_1,1,0.25803333333333334,0.005609713797413288,0.0,10.370587134103102
0_1_0_0,1,0.14656666666666665,0.004328458796795408,0.42857142857142855,10.26384965108757
1_0_1_1,1,0.1431,0.0024913182588073035,0.42857142857142855,10.267963922861655
1_0_1_0,1,0.09573333333333334,0.002546020860523775,0.7142857142857143,10.00515995872033
0_1_0_1,1,0.09516666666666668,0.0014267289706021797,0.7142857142857143,10.0
