states,flag,basin_size_mean,basin_size_sd,time_mean,time_sd,frustration
0_0_0_0_1_0_0_0_0_1_0_0_0_1_0,1,0.984130859375,0.0,1.9999689903249813,0.0,0.1323529411764706
0_1_1_0_0_0_1_1_1_1_1_0_1_1_0,1,0.010009765625,0.0,1.9969512195121952,0.0,0.29411764705882354
0_1_1_1_0_1_0_1_1_0_1_1_1_0_1,1,0.005859375,0.0,1.9947916666666667,0.0,0.25
