states,flag,Avg0,SD0,frust0,time
'0110',1,0.4999366666666667,0.0032820149637413747,0.0,7.734405050849362
'1101',1,0.5000633333333333,0.0032820149637413747,0.0,7.75765818562299
