states,flag,Avg0,SD0,frust0,time
'0110',1,0.4994633333333333,0.0011079209759224237,0.0,7.768564435001337
'1101',1,0.5005366666666666,0.0011079209759224148,0.0,7.75015977631831
