states,flag,Avg0,SD0,frust0,time
'1101',1,0.4996,0.001011170938400941,0.0,7.7192619058148715
'0110',1,0.5004000000000001,0.0010111709384009661,0.0,7.756030000970941
