states,flag,Avg0,SD0,frust0,time
'0110',1,0.49877,0.0008890444308357298,0.0,7.50070351337094
'1101',1,0.50123,0.0008890444308356964,0.0,7.520937187168829
