states,flag,Avg0,SD0,frust0,time
'1101',1,0.4997133333333333,0.0021809223329184078,0.0,7.484915562873533
'0110',1,0.5002866666666667,0.0021809223329183835,0.0,7.480989195487617
