states,flag,Avg0,SD0,frust0,time
'0110',1,0.49939,0.0009799319704278538,0.0,6.977412164518971
'1101',1,0.50061,0.0009799319704278746,0.0,6.996566550508713
