states,flag,Avg0,SD0,frust0,time
'0110',1,0.5003366666666667,0.0007125696847014737,0.0,7.084762654009725
'1101',1,0.49966333333333335,0.0007125696847014554,0.0,7.08682100670357
