states,flag,Avg0,SD0,frust0,time
'0110',1,0.49992,0.0017119774141812335,0.0,7.073064105154306
'1101',1,0.50008,0.0017119774141812242,0.0,7.0812642660600575
