states,flag,Avg0,SD0,frust0,time
'1101',1,0.5001433333333333,0.0005448139335793433,0.0,7.07716434352307
'0110',1,0.4998566666666666,0.0005448139335793649,0.0,7.077068393885464
