states,flag,Avg0,SD0,frust0,time
'1101',1,0.49837333333333333,0.0006811917661145178,0.0,7.467873820385061
'0110',1,0.5016266666666667,0.0006811917661145433,0.0,7.482725639741975
